cable_id,owtt
Blue/Earth,2.668523353604293e-08
Double Earth,2.6692114944521495e-08
Yellow,2.230531011599528e-08
